	Line 1,VWMEB-Inv-227307
	Line 6,VWMEB-Inv-227316
	Line 11,VWMEB-Inv-227315
	Line 16,VWMEB-Inv-227317
	Line 21,VWMEB-Inv-227314
	Line 26,VWMEB-Inv-227313
	Line 31,VWMEB-Inv-215741
	Line 36,VWMEB-Inv-215740
	Line 41,VWMEB-Inv-222066
	Line 46,VWMEB-Inv-215768
	Line 51,VWMEB-Inv-215772
	Line 56,VWMEB-Inv-215770
	Line 61,VWMEB-Inv-215771
	Line 66,VWMEB-Inv-214805
	Line 71,VWMEB-Inv-215769
	Line 76,VWMEB-Inv-215767
	Line 81,VWMEB-Inv-215766
	Line 86,VWMEB-Inv-227310
	Line 91,VWMEB-Inv-227312
	Line 96,VWMEB-Inv-227311
	Line 101,VWMEB-Inv-227306
	Line 106,VWMEB-Inv-227305
	Line 111,VWMEB-Inv-227304
	Line 116,VWMEB-Inv-227303
	Line 121,VWMEB-Inv-227309
	Line 126,VWMEB-Inv-227308
	Line 127,VWMEB-Inv-246735
	Line 132,VWMEB-Inv-246734
	Line 137,VWMEB-Inv-227352
	Line 142,VWMEB-Inv-227356
	Line 147,VWMEB-Inv-227355
	Line 152,VWMEB-Inv-227351
	Line 157,VWMEB-Inv-227350
	Line 162,VWMEB-Inv-227359
	Line 167,VWMEB-Inv-227358
	Line 172,VWMEB-Inv-227363
	Line 177,VWMEB-Inv-316347
	Line 182,VWMEB-Inv-316348
	Line 187,VWMEB-Inv-316363
	Line 192,VWMEB-Inv-227361
	Line 197,VWMEB-Inv-227360
	Line 202,VWMEB-Inv-227354
	Line 207,VWMEB-Inv-227353
	Line 212,VWMEB-Inv-215741
	Line 217,VWMEB-Inv-215740
	Line 222,VWMEB-Inv-222066
	Line 227,VWMEB-Inv-215768
	Line 232,VWMEB-Inv-215772
	Line 237,VWMEB-Inv-215770
	Line 242,VWMEB-Inv-215771
	Line 247,VWMEB-Inv-215769
	Line 252,VWMEB-Inv-215767
	Line 257,VWMEB-Inv-215766
	Line 262,VWMEB-Inv-227306
	Line 267,VWMEB-Inv-227305
	Line 272,VWMEB-Inv-227304
	Line 277,VWMEB-Inv-227303
	Line 282,VWMEB-Inv-316346
	Line 287,VWMEB-Inv-316345
	Line 292,VWMEB-Inv-316343
	Line 297,VWMEB-Inv-316344